Country Code ISO3,Country,2021 SDG Index Rank,2021 SDG Index Score,Regional Score (0-100),Regions used for the SDR,Population in 2020,Goal 1,Goal 2,Goal 3,Goal 4,Goal 5,Goal 6,Goal 7,Goal 8,Goal 9,Goal 10,Goal 11,Goal 12,Goal 13,Goal 14,Goal 15,Goal 16,Goal 17
AFG,Afghanistan,137,53.9,71.4,E. Europe & C. Asia,"38,928,341",,50.131,37.09835714,57.85121667,23.1625,46.3138,64.8225,37.75316667,6.546833333,,31.76125,90.81683333,99.06466667,,52.984,52.02666667,43.3595
AGO,Angola,154,50.3,51.9,Africa,"32,866,268",12.913,55.424125,37.44357143,40.77566667,51.278,53.961,52.43266667,52.4855,7.517,25.2465,46.71175,92.22016667,96.52033333,66.932,64.7534,50.6536,47.766
ALB,Albania,64,71,71.4,E. Europe & C. Asia,"2,877,800",91.6375,60.00485714,81.09271429,95.155,53.57425,75.9076,89.44966667,61.09533333,28.5805,68.4005,72.83833333,79.61733333,92.126,43.8784,80.5868,68.0918,65.335
AND,Andorra,,,71.4,E. Europe & C. Asia,"77,265",,,,,,,,,,,,,,,,,
ARE,United Arab Emirates,71,70.2,67.1,MENA,"9,890,400",99.5695,67.268,86.38807692,92.05933333,71.19925,56.1116,90.99066667,60.1306,74.10516667,91.375,75.9755,51.1275,29.15,76.6002,58.625,79.21244444,33.001
ARG,Argentina,52,72.8,68.6,LAC,"45,195,777",95.99,67.543125,80.6,95.26966667,80.9855,79.0636,92.50666667,70.2755,45.665,38.402,81.0045,76.39166667,86.24866667,57.281,60.6662,65.16766667,64.51275
ARM,Armenia,58,71.8,71.4,E. Europe & C. Asia,"2,963,234",93.438,60.72814286,77.90721429,90.329,57.48825,68.9572,94.82133333,66.2794,34.40266667,55.069,76.44475,88.68466667,93.07333333,,61.792,80.02477778,62.19075
ATG,Antigua and Barbuda,,,68.6,LAC,"97,928",,,,,,,,,,,,,,,,,
AUS,Australia,35,75.6,77.2,OECD,"25,499,881",99.61,58.740125,95.58357143,99.405375,81.00025,94.9532,91.339,81.036,89.48183333,74.2255,89.0435,44.09666667,10.02433333,58.99766667,63.7674,85.1182,68.3645
AUT,Austria,6,82.1,77.2,OECD,"9,006,400",99.467,73.767125,92.10830769,99.20504167,83.08375,89.5994,94.712,85.49266667,95.53433333,91.2085,90.85,48.21383333,53.70333333,,73.4328,93.5696,68.05325
AZE,Azerbaijan,55,72.4,71.4,E. Europe & C. Asia,"10,139,175",100,61.88028571,75.39557143,87.65133333,53.69575,65.5612,91.144,65.7876,35.11933333,68.597,85.68966667,83.867,89.21466667,,65.5958,72.813875,70.027
BDI,Burundi,147,51.8,51.9,Africa,"11,890,781",0,50.54016667,48.99971429,58.822,59.94225,54.904,1.0585,43.4738,5.373333333,58.362,56.584,82.7985,99.802,,77.2392,54.32477778,60.36366667
BEL,Belgium,5,82.2,77.2,OECD,"11,589,616",99.527,70.878875,92.88283333,98.88270833,85.71525,77.3778,94.15266667,85.4915,92.19916667,97.386,90.175,56.33533333,60.73366667,61.7676,85.1846,83.6742,64.86875
BEN,Benin,155,49.9,51.9,Africa,"12,123,198",16.8665,62.465375,46.30092857,49.56133333,30.27525,50.2174,13.402,67.17133333,16.1966,17.6465,46.79375,96.036,98.46366667,59.9694,66.239,58.9885,51.185
BFA,Burkina Faso,139,53.5,51.9,Africa,"20,903,278",21.15,59.282625,47.23035714,35.013,37.55,44.6628,6.451,66.4415,17.1065,70.9145,53.8395,89.84083333,99.19866667,,82.7128,57.1718,53.0385
BGD,Bangladesh,109,63.5,65.7,East & South Asia,"164,689,383",64.256,63.34128571,56.38438462,88.365,53.14525,67.3334,60.31166667,68.3185,27.1608,72.502,53.42725,95.2315,97.3855,65.0895,52.8768,54.5223,39.0715
BGR,Bulgaria,45,73.8,71.4,E. Europe & C. Asia,"6,948,445",97.507,66.34725,79.553,67.553,72.472,70.8148,91.049,78.13733333,52.55233333,48.272,79.30433333,74.5085,79.682,60.4226,90.6512,73.96455556,72.06225
BHR,Bahrain,100,66.1,67.1,MENA,"1,701,583",,71.484,89.03792308,95.45733333,51.6325,71.3444,93.85866667,77.615,46.64066667,,48.55,67.26783333,51.34366667,47.569,45.52666667,71.6275,35.511
BHS,"Bahamas, The",,,68.6,LAC,"393,248",,,,,,,,,,,,,,,,,
BIH,Bosnia and Herzegovina,47,73.7,71.4,E. Europe & C. Asia,"3,280,815",99.774,65.56942857,77.53869231,92.63853485,42.50775,77.3332,80.65166667,69.523,31.6925,79.138,74.44875,78.373,82.33133333,77.7515,70.9104,72.05255556,80.718
BLR,Belarus,24,78.8,71.4,E. Europe & C. Asia,"9,449,321",99.895,64.997375,83.72971429,98.091,79.75375,79.7214,90.59,67.80866667,45.35016667,92.686,76.0835,86.4325,88.83766667,,78.6014,74.67,73.8475
BLZ,Belize,104,64.4,68.6,LAC,"397,621",55.346,59.36257143,72.33930769,77.69433333,56.37825,75.8738,92.3135,58.4702,22.748,,79.086,72.233,91.13166667,67.9176,54.1744,60.812125,71.505
BOL,Bolivia,90,67.6,68.6,LAC,"11,673,029",85.899,57.89614286,68.49771429,88.92366667,71.6935,69.4056,73.54833333,72.19333333,25.90616667,40.2575,68.766,85.47533333,92.646,,67.1228,53.3699,64.80933333
BRA,Brazil,61,71.3,68.6,LAC,"212,559,409",86.9855,69.89925,77.83657143,87.65766667,70.29175,86.2456,94.76566667,65.27933333,59.66133333,12.404,75.9355,77.41133333,93.872,57.69283333,59.5172,61.4839,75.8255
BRB,Barbados,83,68.4,68.6,LAC,"287,371",91.8915,48.91,85.39338462,99.16866667,72.10225,59.2906,99.7145,70.0268,33.441,,80.995,45.38216667,70.537,61.08633333,65.65225,77.789,74.35
BRN,Brunei Darussalam,84,68.3,65.7,East & South Asia,"437,483",,54.70875,86.95708333,99.40966667,61.74133333,76.4606,90,69.29375,64.62016667,,100,51.20133333,14.09533333,51.8002,67.752,61.89033333,72.4035
BTN,Bhutan,75,70,65.7,East & South Asia,"771,612",90.262,54.5438,66.32184615,87.09466667,57.6885,71.011,75.7655,69.65875,33.3342,58.1365,84.56833333,82.39216667,88.72,,65.4092,84.51085714,59.6045
BWA,Botswana,115,61.9,51.9,Africa,"2,351,625",54.784,41.411375,53.73014286,89.67133333,70.16675,70.5678,59.543,59.6105,42.63683333,2.4055,80.962,71.8985,80.12433333,,74.1894,65.389,67.5965
CAF,Central African Republic,165,38.3,51.9,Africa,"4,829,764",0,43.6455,16.02607143,9.207,30.88825,45.5114,12.8275,47.698,3.526,9.641,19.243,72.73766667,99.673,,89.9138,44.737,37.32433333
CAN,Canada,21,79.2,77.2,OECD,"37,742,157",99.5335,67.3625,93.95292308,99.58704167,82.39025,85.8998,94.89266667,81.46166667,85.55133333,83.174,92.73725,51.02583333,47.559,63.661,59.8556,84.445,72.5525
CHE,Switzerland,16,80.1,77.2,OECD,"8,654,618",99.838,70.49525,96.54771429,99.61470833,84.887,89.8016,96.98866667,80.9478,97.359,84.209,99.05825,39.4245,59.35666667,,66.1382,82.345,51.24375
CHL,Chile,30,77.1,77.2,OECD,"19,116,209",99.7395,71.91475,85.24964286,97.57833333,71.17875,93.3062,90.58866667,77.2735,62.483,16.1575,86.2935,78.16583333,85.50233333,78.18583333,59.0926,77.3174,81.23
CHN,China,57,72.1,65.7,East & South Asia,"1,439,323,774",98.5565,81.1,81.68676923,97.52466667,76.20425,68.6428,78.194,71.63366667,72.95366667,30.659,77.9825,87.09583333,87.07733333,54.1015,49.6198,69.94328571,42.07225
CIV,Cote d'Ivoire,131,57.6,51.9,Africa,"26,378,275",43.7735,61.657625,39.35314286,51.82933333,39.16025,55.9624,54.25733333,68.6355,27.11016667,37.946,52.4525,94.497,98.71366667,79.46783333,71.3156,57.896,44.53425
CMR,Cameroon,134,55.3,51.9,Africa,"26,545,864",42.3005,64.80575,40.43064286,63.44166667,53.5235,53.211,55.90433333,60.96166667,16.3982,21.614,41.1735,94.84316667,99.022,73.856,64.272,48.9125,44.77225
COD,"Congo, Dem. Rep.",158,49.3,51.9,Africa,"89,561,404",0,47.618,37.68771429,59.86798374,42.2625,43.4154,36.49566667,54.83783333,9.924333333,43.0615,40.39625,92.6462,99.665,78.776,70.8576,38.9914,41.56366667
COG,"Congo, Rep.",144,52.9,51.9,Africa,"5,518,092",0,46.33542857,47.88442857,57.52433333,53.2815,53.1196,57.864,54.7344,6.7144,15.5185,53.88825,93.1956,97.42833333,75.9752,80.2574,57.143125,49.21325
COL,Colombia,68,70.6,77.2,OECD,"50,882,884",83.4345,64.122875,79.49271429,93.53366667,70.20425,81.1608,91.907,62.102,41.20383333,10.9575,80.7225,85.65916667,89.118,74.0935,60.337,61.8241,69.60075
COM,Comoros,,,51.9,Africa,"869,595",,,,,,,,,,,,,,,,,
CPV,Cabo Verde,86,68.1,51.9,Africa,"555,988",83.2205,37.3956,73.89861538,81.28366667,68.5915,73.095,81.7015,73.4,27.3484,30.663,79.052,79.272,94.35966667,61.1945,71.0945,78.32614286,64.56325
CRI,Costa Rica,50,73.6,68.6,LAC,"5,094,114",95.126,52.184125,85.93107143,88.98566667,81.49775,80.4126,93.99233333,69.97983333,51.61,17.727,93.5275,81.07483333,83.35,58.38533333,61.5934,78.287,76.6875
CUB,Cuba,49,73.7,68.6,LAC,"11,326,616",,58.45928571,84.87314286,95.024,81.69575,74.5022,85.98966667,88.985,25.35233333,,65.671,88.222,89.533,73.87483333,68.637,64.5155,100
CYP,Cyprus,40,74.9,71.4,E. Europe & C. Asia,"1,207,361",99.931,59.19225,90.83415385,97.778,71.39133333,77.3802,92.548,80.1436,70.295,81.6345,74.7,56.26283333,63.67033333,54.41066667,76.9152,80.54375,45.0815
CZE,Czech Republic,12,81.4,77.2,OECD,"10,708,982",99.795,61.56375,89.77792308,98.95133333,72.9235,85.5684,92.36266667,85.14666667,80.3035,96.4885,92.488,69.42383333,65.98033333,,92.6156,81.9,54.945
DEU,Germany,4,82.5,77.2,OECD,"83,783,945",99.5335,72.444625,93.76761538,98.78804167,80.70775,84.7016,93.61566667,87.359,92.96966667,86.5165,91.31425,54.88866667,60.681,62.64983333,79.7392,84.6816,77.832
DJI,Djibouti,138,53.8,51.9,Africa,"988,002",58.799,35.43083333,55.21014286,41.41176984,51.97866667,63.4212,33.072,59.5752,26.3814,28.0415,60.0295,89.07966667,97.86866667,66.4734,38.0625,60.04628571,49.114
DMA,Dominica,,,68.6,LAC,"71,991",,,,,,,,,,,,,,,,,
DNK,Denmark,3,84.9,77.2,OECD,"5,792,203",99.679,58.859875,94.20269231,99.13070833,86.78775,90.278,94.40666667,88.8555,96.80216667,97.8355,91.821,43.417,60.64466667,73.4295,90.6364,93.1247,82.71775
DOM,Dominican Republic,67,70.8,68.6,LAC,"10,847,904",97.225,60.186875,66.75064286,89.78533333,72.91725,67.2944,89.69833333,71.20616667,35.163,23.753,83.34925,84.4815,91.27266667,84.64266667,76.0422,59.1894,49.96575
DZA,Algeria,66,70.9,67.1,MENA,"43,851,043",96.939,56.56557143,75.57857143,91.211,53.71425,61.034,86.727,62.23616667,45.40583333,91.491,57.69966667,87.71183333,90.15066667,52.33333333,51.4928,70.1977,74.1015
ECU,Ecuador,53,72.5,68.6,LAC,"17,643,060",85.0345,59.198125,77.56378571,97.31,77.29775,75.015,91.32733333,68.97416667,35.09666667,23.6135,84.4435,84.42483333,92.591,80.947,60.0788,65.0997,75.15333333
EGY,"Egypt, Arab Rep.",82,68.6,67.1,MENA,"102,334,403",74.326,64.32775,71.22735714,87.58533333,45.5805,66.4884,92.343,56.81666667,47.02833333,58.437,66.0345,87.68683333,94.562,50.785,68.7944,75.8265,59.15125
ERI,Eritrea,,,51.9,Africa,"3,546,427",,,,,,,,,,,,,,,,,
ESP,Spain,20,79.5,77.2,OECD,"46,754,783",98.6075,63.8845,94.12761538,96.55,85.81375,86.5834,95.00566667,76.2145,86.87916667,73.184,91.47875,63.05483333,76.975,52.15533333,66.5242,82.9804,60.829
EST,Estonia,10,81.6,77.2,OECD,"1,326,539",99.921,63.813,88.14438462,97.28066667,77.237,88.3378,88.57033333,84.19866667,75.77733333,83.678,92.74625,60.32566667,61.98633333,85.2165,96.2558,90.838,52.46275
ETH,Ethiopia,136,54.5,51.9,Africa,"114,963,583",33.9255,61.537625,44.528,44.38133333,53.71425,35.7508,41.51833333,61.5965,10.31883333,71.6915,55.52275,96.15883333,99.46666667,,57.9528,47.0699,43.713
FIN,Finland,1,85.9,77.2,OECD,"5,540,718",99.848,64.164625,94.76961538,98.16070833,91.371,94.4406,96.486,88.27766667,94.05766667,96.812,91.23375,55.5985,59.983,84.64983333,84.62,94.6018,71.245
FJI,Fiji,62,71.2,50.1,Oceania,"896,444",91.2535,57.3215,71.46084615,98.827,57.704,76.7404,68.9395,80.677,39.7014,43.619,93.207,80.46833333,90.29433333,72.66766667,44.1426,85.50225,58.627
FRA,France,8,81.7,77.2,OECD,"65,273,512",99.7455,73.728625,92.50757143,99.70970833,86.97725,86.6784,96.966,82.42566667,87.40916667,84.3115,89.312,57.6655,72.36533333,61.44883333,70.846,75.1385,71.2045
FSM,"Micronesia, Fed. Sts.",,,50.1,Oceania,"663,948",,,,,,,,,,,,,,,,,
GAB,Gabon,111,62.8,51.9,Africa,"2,225,728",83.2695,51.98542857,51.66585714,61.78675358,47.3055,62.8128,83.734,61.9438,32.64616667,59.235,53.434,85.6088,88.7255,66.5805,83.063,53.07844444,40.9825
GBR,United Kingdom,17,80,77.2,OECD,"67,886,004",99.726,67.30825,92.783,98.376375,82.97625,92.2898,93.76266667,80.48366667,89.824,66.341,93.34275,53.30166667,57.84533333,73.11516667,76.7162,83.1296,58.21775
GEO,Georgia,56,72.2,71.4,E. Europe & C. Asia,"3,989,175",84.215,52.25271429,73.151,99.32933333,58.785,83.4976,88.28733333,68.74366667,39.71616667,52.1045,76.3115,83.5485,86.31366667,66.3408,67.7514,84.7023,62.9175
GHA,Ghana,114,62.5,51.9,Africa,"31,072,945",65.909,66.30975,53.51957143,85.97266667,51.598,55.612,59.898,69.607,37.48616667,31.76,51.457,95.13283333,98.253,46.30033333,76.6946,70.4133,46.48025
GIN,Guinea,153,51,51.9,Africa,"13,132,792",30.861,49.71116667,31.58285714,25.26666667,39.045,50.0776,19.197,63.47083333,6.3995,71.214,52.195,94.439,99.14033333,63.44316667,70.744,50.3649,49.19333333
GMB,"Gambia, The",123,59.3,51.9,Africa,"2,416,664",64.264,58.47025,45.0055,51.50733333,40.54625,59.0882,28.8265,64.8948,11.17033333,69.071,63.10025,93.51716667,99.09533333,72.8298,81.5354,59.7356,44.82933333
GNB,Guinea-Bissau,,,51.9,Africa,"1,967,998",,,,,,,,,,,,,,,,,
GNQ,Equatorial Guinea,,,51.9,Africa,"1,402,985",,,,,,,,,,,,,,,,,
GRC,Greece,37,75.4,77.2,OECD,"10,423,056",97.8405,66.169125,88.28016667,97.15866667,64.093,86.817,91.18766667,64.97433333,71.89316667,68.284,78.27275,59.03583333,72.59533333,56.78266667,81.0886,76.82,60.6275
GRD,Grenada,,,68.6,LAC,"112,519",,,,,,,,,,,,,,,,,
GTM,Guatemala,121,59.9,68.6,LAC,"17,915,567",74.105,38.93975,69.01007143,71.09866667,56.51925,71.3998,72.47633333,63.38833333,17.97133333,10.783,80.52075,90.19166667,95.76333333,57.50616667,46.7026,55.3194,46.85425
GUY,Guyana,128,57.9,68.6,LAC,"786,559",86.545,68.722,63.30957143,88.19066667,66.56725,55.3602,82.4965,51.1574,16.9966,,78.85025,21.23683333,61.57666667,32.2298,55.689,66.31711111,61.03133333
HND,Honduras,112,62.8,68.6,LAC,"9,904,608",56.4505,52.44525,74.48971429,65.90266667,65.41075,74.4912,75.54166667,64.643,20.40966667,15.0495,80.06275,89.3025,95.47533333,65.55433333,60.68175,48.1892,63.03775
HRV,Croatia,14,80.4,71.4,E. Europe & C. Asia,"4,105,268",98.61,74.993625,87.7385,98.12833333,67.7405,86.7926,90.97466667,80.17516667,63.67133333,80.774,77.32266667,70.91716667,78.304,81.5495,84.5428,78.279,65.86966667
HTI,Haiti,150,51.4,68.6,LAC,"11,402,533",30.3445,42.45614286,41.15107143,76.43816667,40.17225,53.769,29.12466667,55.629,12.1715,46.633,36.4635,92.479,99.11933333,73.907,48.3354,47.658,47.12266667
HUN,Hungary,25,78.8,77.2,OECD,"9,660,350",98.7725,72.647375,83.50115385,94.195,64.58775,88.716,92.034,80.64183333,66.50083333,79.8415,89.30675,73.0895,79.98966667,,86.21,74.4299,51.371
IDN,Indonesia,97,66.3,65.7,East & South Asia,"273,523,621",78.9745,64.467125,62.16438462,91.68833333,62.85225,66.0278,73.90933333,71.90783333,40.46266667,40.547,65.9835,87.20683333,91.70966667,62.34716667,46.3394,70.21733333,51.02425
IND,India,120,60.1,65.7,East & South Asia,"1,380,004,385",59.5765,52.439125,57.97046154,86.47733333,34.08225,56.1306,69.93866667,71.09266667,42.1865,27.855,53.17825,91.72616667,96.06933333,62.23183333,50.7006,58.8817,50.738
IRL,Ireland,13,81,77.2,OECD,"4,937,796",99.795,75.894875,93.23184615,99.73870833,76.39025,87.2854,93.42933333,87.3286,82.017,86.423,88.75525,45.179,58.19633333,71.89516667,89.083,90.43433333,51.30775
IRN,"Iran, Islamic Rep.",74,70,67.1,MENA,"83,992,953",95.4645,63.628,79.24278571,94.707,43.2175,59.5702,88.24333333,50.78666667,60.44233333,47.7005,73.706,83.3765,78.551,77.447,67.3972,65.17444444,61.59775
IRQ,Iraq,105,63.8,67.1,MENA,"40,222,503",79.5535,51.97985714,63.07130769,69.874,35.9155,71.5454,88.00466667,56.5885,26.4685,74.1845,54.756,85.80433333,88.78,60.8218,40.42125,67.69875,69.38733333
ISL,Iceland,29,78.2,77.2,OECD,"341,250",99.798,58.23585714,96.00192308,99.26204167,85.62666667,74.643,99.44633333,79.449,85.72416667,96.897,91.23375,28.53433333,50.33833333,65.03016667,53.2175,94.291,71.1695
ISR,Israel,38,75,77.2,OECD,"8,655,541",99.2465,61.956125,95.25775,98.18104167,74.94975,72.7828,94.80233333,84.2896,94.04133333,62.879,86.65525,61.14866667,73.281,30.7008,50.9032,73.59588889,60.972
ITA,Italy,26,78.8,77.2,OECD,"60,461,828",98.06,71.018625,94.043,96.70833333,72.829,82.135,93.84733333,76.572,83.6045,71.545,82.34125,63.60966667,76.82,53.54116667,80.2214,78.9895,62.95275
JAM,Jamaica,81,69,68.6,LAC,"2,961,161",83.3785,55.84625,79.97407143,82.612,78.205,73.9316,85.27566667,74.81683333,37.34383333,37.701,74.06025,77.95933333,88.94933333,56.7745,51.452,66.6288,67.606
JOR,Jordan,72,70.1,67.1,MENA,"10,203,140",95.3335,59.558375,75.67730769,71.63133333,42.96675,57.5152,92.943,58.02733333,50.50133333,66.6885,74.954,87.37883333,89.354,78.98,55.32675,76.6074,58.88175
JPN,Japan,18,79.8,77.2,OECD,"126,476,458",99.2295,75.19625,94.05923077,99.74004167,61.47975,84.869,93.65533333,86.81166667,89.539,75.3425,85.833,66.61616667,66.40966667,51.71033333,63.853,91.6019,71.48025
KAZ,Kazakhstan,59,71.6,71.4,E. Europe & C. Asia,"18,776,707",99.9155,59.17025,79.52628571,93.00166667,71.13675,78.0362,86.528,70.205,44.00733333,77.43,83.715,74.85416667,61.15933333,,56.9586,69.06644444,54.292
KEN,Kenya,118,60.6,51.9,Africa,"53,771,300",49.093,57.485125,54.766,70.59966667,68.74375,45.5168,53.276,74.1495,32.36166667,38.7645,61.27025,88.89816667,97.94133333,67.86466667,59.2926,59.31522222,50.823
KGZ,Kyrgyz Republic,44,74,71.4,E. Europe & C. Asia,"6,524,191",84.523,61.88657143,75.1875,98.68966667,60.48775,65.1486,89.75233333,65.4935,29.42616667,89.075,88.65575,86.505,92.20966667,,71.3522,68.1686,72.58925
KHM,Cambodia,102,64.5,65.7,East & South Asia,"16,718,971",81.951,63.845875,61.87685714,71.336,55.6975,63.6216,61.38533333,57.245,27.29116667,77.614,70.631,93.4075,96.97366667,57.87266667,43.829,60.8003,51.8035
KIR,Kiribati,,,50.1,Oceania,"119,446",,,,,,,,,,,,,,,,,
KNA,St. Kitts and Nevis,,,68.6,LAC,"53,192",,,,,,,,,,,,,,,,,
KOR,"Korea, Rep.",28,78.6,77.2,OECD,"51,269,183",99.041,82.46325,92.003,98.951,65.284,75.1418,92.79166667,80.24033333,98.78466667,78.877,86.49133333,69.68516667,61.986,58.74966667,54.5014,79.02366667,62.07375
KWT,Kuwait,113,62.5,67.1,MENA,"4,270,563",,70.023875,82.79853846,83.91833333,53.76075,48.62,92.88133333,59.08975,53.56583333,,48.7535,36.53216667,33.333,40.6652,52.58666667,79.33314286,68.90133333
LAO,Lao PDR,110,63,65.7,East & South Asia,"7,275,556",54.866,64.25716667,53.45742857,75.19966667,72.7345,68.221,64.124,69.2992,18.65383333,52.261,81.55775,94.997,91.491,,52.8888,52.268,44.26725
LBN,Lebanon,93,66.8,67.1,MENA,"6,825,442",99.009,57.215375,78.14571429,86.59884444,41.2705,65.0832,89.246,62.56433333,51.2744,78.2885,40.49333333,80.48133333,83.862,61.0898,60.6652,62.00266667,38.953
LBR,Liberia,161,48.6,51.9,Africa,"5,057,677",20.0205,45.57628571,36.57578571,34.78233333,40.8245,52.5276,9.251,59.49333333,5.1745,66.7075,27.45525,95.9148,99.40766667,85.25483333,49.3748,50.016,48.6375
LBY,Libya,,,67.1,MENA,"6,871,287",,,,,,,,,,,,,,,,,
LCA,St. Lucia,,,68.6,LAC,"183,629",,,,,,,,,,,,,,,,,
LIE,Liechtenstein,,,71.4,E. Europe & C. Asia,"38,137",,,,,,,,,,,,,,,,,
LKA,Sri Lanka,87,68.1,65.7,East & South Asia,"21,413,250",91.544,62.129625,77.81457143,97.41366667,52.00425,56.627,66.94766667,76.2195,34.15916667,36.333,82.97066667,85.36016667,95.152,71.7165,55.9466,66.2264,49.136
LSO,Lesotho,135,54.6,51.9,Africa,"2,142,252",31.594,50.695375,24.96178571,68.72166667,74.665,56.2906,37.995,47.9138,18.21016667,2.038,63.367,89.69416667,93.694,,74.465,47.43233333,78.215
LTU,Lithuania,31,76.7,77.2,OECD,"2,722,291",98.49,63.92625,84.80385714,99.78333333,72.6495,83.6842,78.72866667,81.4586,62.34266667,58.0965,82.3185,62.86466667,73.54433333,75.0214,95.166,77.83633333,53.19825
LUX,Luxembourg,42,74.2,77.2,OECD,"625,976",99.444,59.691375,96.16446154,97.834375,76.759,79.132,66.66666667,70.5202,87.11966667,80.38,97.55325,21.59433333,40.18166667,,66.9152,90.59255556,67.64875
LVA,Latvia,22,79.2,77.2,OECD,"1,886,202",98.9435,64.927125,84.29228571,98.50833333,78.008,92.4604,92.24766667,84.284,62.11516667,67.4695,89.719,63.76883333,75.216,71.25283333,97.8584,78.173,46.342
MAR,Morocco,69,70.5,67.1,MENA,"36,910,558",93.6295,62.490375,74.96785714,83.85066667,41.99525,64.9764,88.646,62.9565,41.51683333,53.5875,76.271,90.71033333,94.58833333,58.41133333,77.1668,71.60811111,61.58875
MCO,Monaco,,,71.4,E. Europe & C. Asia,"39,244",,,,,,,,,,,,,,,,,
MDA,Moldova,48,73.7,71.4,E. Europe & C. Asia,"4,033,963",99.509,58.84716667,77.39957143,86.01133333,71.22,72.8392,88.49633333,69.31033333,27.36833333,94.4655,69.8525,80.07883333,97.42866667,,58.424,69.73566667,72.64275
MDG,Madagascar,159,49,51.9,Africa,"27,691,019",0,57.10925,42.55714286,60.65766667,71.2615,44.869,9.2455,60.7475,8.075333333,27.415,55.5025,94.0335,99.262,65.641,45.7004,48.1638,42.855
MDV,Maldives,79,69.3,65.7,East & South Asia,"540,542",99.683,40.012,85.59815385,97.796,39.10275,76.0322,96.852,77.267,32.8552,46.4675,86.422,61.4705,86.41266667,67.35016667,52.61666667,73.095,58.58675
MEX,Mexico,80,69.1,77.2,OECD,"128,932,753",90.7065,61.031,77.10315385,99.08066667,78.15525,78.6278,86.81933333,65.87466667,47.353,10.7635,81.9275,79.9955,89.15233333,57.30816667,52.011,54.0882,65.22575
MHL,Marshall Islands,,,50.1,Oceania,"59,194",,,,,,,,,,,,,,,,,
MKD,North Macedonia,54,72.5,71.4,E. Europe & C. Asia,"2,083,380",91.758,64.42985714,78.64453846,93.02666667,59.0965,76.353,81.016,64.58716667,35.40583333,63.313,77.34125,76.20683333,87.826,,81.0766,76.2144,67.85975
MLI,Mali,146,52.2,51.9,Africa,"20,250,834",22.314,60.006,35.01392308,11.51733333,43.11625,59.2642,22.9925,67.2785,14.24283333,74.842,56.8715,91.58566667,99.347,,56.9692,56.7295,46.64425
MLT,Malta,33,75.7,71.4,E. Europe & C. Asia,"441,539",99.8285,67.044125,91.48130769,99.21833333,62.2455,75.549,95.29366667,86.30775,65.61983333,91.899,87.04,43.87033333,65.18266667,48.8225,81.56333333,76.046,50.6555
MMR,Myanmar,101,64.9,65.7,East & South Asia,"54,409,794",90.1265,61.208875,55.02378571,75.00066667,59.9685,66.0236,52.394,60.4375,23.47616667,75.846,62.0265,94.541,98.60566667,59.90366667,55.1676,68.77488889,45.57775
MNE,Montenegro,85,68.2,71.4,E. Europe & C. Asia,"628,062",93.666,50.29542857,76.84535714,95.367,52.63525,69.834,85.72733333,70.2276,45.9585,55.3735,71.9335,59.92766667,85.16033333,37.7902,52.25525,75.71744444,80.79266667
MNG,Mongolia,106,63.8,65.7,East & South Asia,"3,278,292",96.8105,41.55128571,64.83178571,98.72233333,65.20575,65.1768,60.49733333,72.00166667,29.51216667,70.0385,47.8615,61.93766667,41.42066667,,73.485,66.4858,68.16075
MOZ,Mozambique,152,51.1,51.9,Africa,"31,255,435",8.182,45.31728571,36.50864286,49.77366667,64.902,49.5802,39.94133333,58.69583333,10.50466667,12.7885,57.419,96.11916667,98.58833333,68.37133333,52.9928,55.01477778,63.229
MRT,Mauritania,133,55.5,51.9,Africa,"4,649,660",70.742,43.19457143,41.84015385,39.399,32.27375,58.3254,42.2215,45.02616667,17.47483333,81.838,40.36025,89.013,95.74,65.95166667,76.103,52.6346,51.45066667
MUS,Mauritius,95,66.7,51.9,Africa,"1,271,767",98.3815,73.732,78.11314286,94.02033333,53.6565,62.7606,88.96933333,71.68716667,37.10416667,46.2545,92.60066667,58.04583333,76.45266667,53.05233333,26.4265,72.932625,49.90433333
MWI,Malawi,149,51.4,51.9,Africa,"19,129,955",0,64.00125,49.95907143,50.31,75.092,52.043,5.1615,58.29066667,11.66433333,23.756,55.75375,94.0065,99.42,,55.0058,56.4485,54.42775
MYS,Malaysia,65,70.9,65.7,East & South Asia,"32,365,998",99.9805,47.363625,79.52828571,91.69666667,57.14975,77.5482,90.685,75.775,72.369,44.7205,84.418,75.26933333,76.49466667,63.865,39.7548,71.680625,56.74575
NAM,Namibia,116,61.8,51.9,Africa,"2,540,916",50.8985,49.629875,47.95828571,86.49466667,86.79725,59.8482,44.883,61.61216667,30.51083333,0,65.073,73.724,85.06933333,80.27983333,86.0408,67.07811111,74.2095
NER,Niger,156,49.5,51.9,Africa,"24,206,636",21.894,44.035,40.51478571,3.733666667,36.378,44.2284,14.03233333,64.16433333,4.013666667,75.537,47.77725,92.7098,99.395,,68.7528,55.96233333,60.856
NGA,Nigeria,160,48.9,51.9,Africa,"206,139,587",20.503,60.130625,28.90371429,38.75066667,38.2065,56.8784,34.60866667,55.6692,33.435,20.212,26.74,93.42683333,97.79566667,62.39233333,77.2926,40.7573,46.03333333
NIC,Nicaragua,99,66.3,68.6,LAC,"6,624,554",81.659,54.50025,77.01735714,78.567,82.3635,68.0172,73.223,59.555,14.564,23.7815,83.3795,89.20366667,96.941,62.00833333,68.9592,55.8908,57.28175
NLD,Netherlands,11,81.6,77.2,OECD,"17,134,873",99.5695,66.262125,95.5905,99.34070833,81.4615,89.0152,92.966,86.88483333,91.93733333,94.0445,96.54975,49.0625,55.165,56.05383333,84.1302,85.2815,63.17375
NOR,Norway,7,82,77.2,OECD,"5,421,242",99.4705,60.46425,96.82384615,99.44404167,88.88575,80.4042,98.887,87.65833333,91.491,100,93.194,44.54066667,20.18333333,73.83916667,73.4716,88.1894,96.698
NPL,Nepal,96,66.5,65.7,East & South Asia,"29,136,808",62.796,59.12114286,58.60521429,92.48233333,67.682,67.5396,60.36033333,73.54283333,28.66383333,79.3705,44.6995,94.16916667,98.41933333,,68.0638,58.42322222,56.2105
NRU,Nauru,,,50.1,Oceania,"10,834",,,,,,,,,,,,,,,,,
NZL,New Zealand,23,79.1,77.2,OECD,"4,822,233",99.9735,66.61142857,93.12271429,98.86002315,86.13225,92.3374,95.83066667,86.91366667,87.9205,66.875,87.17525,44.463,66.902,57.17766667,50.5754,92.3054,72.048
OMN,Oman,73,70.1,67.1,MENA,"5,106,622",,62.097,85.13414286,97.13033333,39.1275,48.9,87.40233333,70.41525,56.46916667,,76.35166667,71.53433333,57.99466667,74.41316667,59.11933333,80.3685,67.33166667
PAK,Pakistan,129,57.7,65.7,East & South Asia,"220,892,331",71.241,51.03,50.09828571,61.816,28.6825,48.2206,62.50466667,50.4804,26.83283333,63.4225,50.367,91.22316667,97.72033333,61.07766667,66.7812,52.5298,47.2675
PAN,Panama,88,68,68.6,LAC,"4,314,768",93.584,50.402125,79.44553846,80.48633333,65.409,78.512,91.49366667,72.26316667,39.26783333,14.6945,88.2065,76.54016667,84.85366667,66.8085,59.367,65.9807,48.38433333
PER,Peru,63,71.1,68.6,LAC,"32,971,846",88.06,69.976375,79.89114286,98.11266667,67.1655,80.3272,84.45733333,66.20016667,36.42683333,30.256,72.362,86.651,93.85333333,76.39116667,58.2252,60.623,59.53175
PHL,Philippines,103,64.5,65.7,East & South Asia,"109,581,085",69.707,63.8545,56.50664286,89.31933333,64.0185,68.8012,70.90266667,62.75133333,37.734,23.8445,58.2235,91.8675,95.89633333,71.77283333,55.9078,61.9203,53.591
PLW,Palau,,,50.1,Oceania,"18,092",,,,,,,,,,,,,,,,,
PNG,Papua New Guinea,151,51.3,50.1,Oceania,"8,947,027",29.0085,29.5572,45.642,59.79066667,48.287,40.9736,33.261,73.33725,6.1875,28.066,73.3275,86.39983333,95.605,64.63833333,63.78775,55.0355,39.7255
POL,Poland,15,80.2,77.2,OECD,"37,846,605",99.4655,68.159875,85.26992308,98.29866667,72.18,84.9112,89.26566667,84.40533333,71.76,75.4285,82.428,75.86933333,75.097,65.122,92.32,81.4482,62.381
PRK,"Korea, Dem. Rep.",,,65.7,East & South Asia,"25,778,815",,,,,,,,,,,,,,,,,
PRT,Portugal,27,78.6,77.2,OECD,"10,196,707",99.3815,64.1045,90.95476923,99.00333333,83.27275,84.1368,95.02266667,82.15533333,75.41766667,69.697,88.422,63.0565,75.81966667,43.065,72.673,88.0677,62.67875
PRY,Paraguay,92,66.9,68.6,LAC,"7,132,530",94.0245,73.7635,72.98285714,80.396,66.94425,77.2152,87.742,72.3782,30.62216667,17.5705,81.5595,75.41833333,87.237,,51.6936,51.88033333,53.80625
QAT,Qatar,94,66.7,67.1,MENA,"2,881,060",,71.82871429,86.30530769,93.25866667,57.1475,57.1292,88.605,76.899,72.08833333,,35.7145,68.5575,15.146,71.598,61.25833333,79.875,40.535
ROU,Romania,39,75,71.4,E. Europe & C. Asia,"19,237,682",94.798,70.6615,80.5645,85.75933333,57.48175,81.4748,88.63233333,82.72816667,55.0225,58.9595,81.09775,76.29183333,87.526,66.2332,82.8116,75.98455556,48.5385
RUS,Russian Federation,46,73.8,71.4,E. Europe & C. Asia,"145,934,460",99.896,57.5145,78.77907692,99.698,66.436,72.011,90.82266667,75.40483333,67.7395,64.8675,85.867,76.669,73.44066667,52.3205,66.1826,55.83066667,70.29075
RWA,Rwanda,130,57.6,51.9,Africa,"12,952,209",18.905,58.787625,61.83442857,63.834,80.868,58.375,14.091,72.56733333,22.19333333,25.8915,56.03825,80.761,99.37433333,,62.3512,78.0616,56.86475
SAU,Saudi Arabia,98,66.3,67.1,MENA,"34,813,867",,58.5555,78.57461538,98.24333333,41.73625,48.2818,90.81233333,71.17725,68.10116667,,54.38966667,64.73766667,55.47766667,61.7615,49.389,70.55414286,56.86725
SDN,Sudan,157,49.5,51.9,Africa,"43,849,269",34.9105,24.608,51.88364286,42.603,41.513,32.7054,58.662,41.6638,16.95183333,66.396,30.72475,87.24966667,99.105,65.6328,49.2825,62.205,35.137
SEN,Senegal,126,58.4,51.9,Africa,"16,743,930",30.124,61.41375,57.51964286,37.40433333,44.8995,62.7228,54.52233333,69.9145,24.05666667,40.402,63.5725,92.79966667,98.21366667,60.304,75.25325,64.7176,55.548
SGP,Singapore,76,69.9,65.7,East & South Asia,"5,850,343",98.4435,76.10533333,94.58821429,99.66666667,72.6505,64.389,94.65533333,70.1775,90.20683333,,94.737,16.31233333,55.48333333,43.4994,31.56075,86.88233333,43.963
SLB,Solomon Islands,,,50.1,Oceania,"686,878",,,,,,,,,,,,,,,,,
SLE,Sierra Leone,148,51.7,51.9,Africa,"7,976,985",20.303,49.78857143,28.80192857,67.441,50.7865,48.163,9.351,59.485,5.1355,68.04,39.739,95.158,99.42766667,61.39816667,60.2838,59.863,55.59825
SLV,El Salvador,89,67.9,68.6,LAC,"6,486,201",90.159,54.954875,78.27107143,79.705,68.5145,75.8056,87.63333333,63.32316667,20.19883333,50.641,84.5265,86.308,93.96966667,27.856,66.719,61.3626,64.801
SMR,San Marino,,,71.4,E. Europe & C. Asia,"33,938",,,,,,,,,,,,,,,,,
SOM,Somalia,162,45.6,51.9,Africa,"15,893,219",8.0715,32.2824,24.97578571,,19.46533333,47.7372,14.5605,53.30575,1.805666667,73.803,56.81975,89.0762,99.906,59.34933333,54.6546,52.61483333,33.33333333
SRB,Serbia,34,75.6,71.4,E. Europe & C. Asia,"8,737,370",99.72,71.179125,82.96514286,97.29266667,65.00175,73.1114,84.68266667,76.227,51.975,73.0185,78.72925,76.20533333,85.32333333,,60.4622,74.9041,75.3935
SSD,South Sudan,164,38.9,51.9,Africa,"11,193,729",0,23.3235,26.49507143,1.644333333,52.0545,40.5728,26.08933333,50.89866667,2.121,21.176,13.1045,74.5918,99.6115,,74.7202,46.154,40.73733333
STP,Sao Tome and Principe,124,58.8,51.9,Africa,"219,161",22.431,57.20557143,61.75408333,83.542,47.1975,61.175,41.6045,62.66,19.0398,26.6805,58.32933333,76.92283333,96.67533333,85.27283333,75.3345,76.7875,46.841
SUR,Suriname,91,67,68.6,LAC,"586,634",52.007,62.87328571,69.66921429,68.92866667,64.3465,73.4006,89.45633333,72.7744,35.34225,,85.87125,75.26983333,73.949,79.58116667,77.9608,67.11177778,62.20466667
SVK,Slovak Republic,19,79.6,77.2,OECD,"5,459,643",98.2415,72.012,87.05584615,94.221375,71.8605,84.921,92.51466667,80.889,64.2085,90.948,86.7985,66.99533333,72.359,,89.6284,81.22833333,55.47525
SVN,Slovenia,9,81.6,77.2,OECD,"2,078,932",99.838,59.009625,91.82323077,99.11066667,76.131,92.5566,93.83866667,88.142,73.309,100,90.256,58.0625,61.55,64.9228,88.4566,87.9565,62.25325
SWE,Sweden,2,85.6,77.2,OECD,"10,099,270",99.384,62.9285,96.46558333,99.42004167,91.36575,93.392,98.887,83.27166667,97.43533333,94.245,95.29225,56.88266667,65.29433333,66.01666667,79.9036,86.8386,88.40825
SWZ,Eswatini,142,53.3,51.9,Africa,"1,160,164",29.644,50.396875,40.90114286,66.768,64.27,45.3718,61.4125,45.432,14.065,0,78.912,71.15566667,84.13566667,,65.2025,59.82711111,61.07675
SYC,Seychelles,,,51.9,Africa,"98,340",,,,,,,,,,,,,,,,,
SYR,Syrian Arab Republic,127,58,67.1,MENA,"17,500,657",,34.12383333,66.59778571,56.717,33.301,66.3554,86.06366667,60.48766667,14.41083333,46.572,45.39325,88.17766667,93.0525,50.081,54.688,48.848,48.96866667
TCD,Chad,163,40.9,51.9,Africa,"16,425,859",20.73,32.21628571,21.5365,14.46466667,26.8215,39.9696,2.039,55.7796,8.218666667,35.493,26.78125,90.88866667,99.6815,,71.691,34.695,46.35666667
TGO,Togo,143,53.2,51.9,Africa,"8,278,737",18.113,60.415875,42.29407143,69.277,42.45125,49.7112,28.49433333,64.1685,14.58616667,29.8485,38.87525,93.24033333,98.837,71.8615,73.2015,53.99511111,55.50425
THA,Thailand,43,74.2,65.7,East & South Asia,"69,799,978",100,59.772,77.8265,89.76766667,69.27375,76.9234,83.43266667,75.45316667,55.15533333,61.26,81.67275,77.09066667,87.036,68.156,66.5034,70.419,61.47375
TJK,Tajikistan,78,69.8,71.4,E. Europe & C. Asia,"9,537,642",89.246,59.595,69.20892857,97.99266667,54.5325,59.65,91.10833333,69.3806,11.811,74.564,77.42075,85.7748,94.2645,,68.8928,73.445375,50.11075
TKM,Turkmenistan,117,61.1,71.4,E. Europe & C. Asia,"6,031,187",29.3735,53.96257143,68.734,88.82488333,58.354,58.6298,81.33366667,65.3656,12.4504,,80.219,82.76116667,48.2465,,63.8438,73.254125,42.769
TLS,Timor-Leste,,,65.7,East & South Asia,"1,318,442",,,,,,,,,,,,,,,,,
TON,Tonga,,,50.1,Oceania,"105,697",,,,,,,,,,,,,,,,,
TTO,Trinidad and Tobago,108,63.5,68.6,LAC,"1,399,491",98.5315,55.2985,80.95028571,91.127,65.88675,74.054,88.55066667,75.0885,29.29233333,,76.74733333,65.61433333,29.0625,51.80416667,53.686,60.3826,55.47333333
TUN,Tunisia,60,71.4,67.1,MENA,"11,818,618",97.069,55.10471429,76.45278571,87.77333333,47.431,63.3262,92.02733333,57.96566667,42.94366667,70.704,70.92825,86.84383333,90.79866667,64.3645,67.494,69.5085,73.8045
TUR,Turkey,70,70.4,77.2,OECD,"84,339,067",99.624,65.068,82.928,96.273,46.32975,75.1284,89.161,59.06066667,60.3015,38.105,73.9875,79.81083333,86.96766667,51.99816667,53.2594,66.49644444,71.96325
TUV,Tuvalu,,,50.1,Oceania,"11,792",,,,,,,,,,,,,,,,,
TZA,Tanzania,132,56.4,51.9,Africa,"59,734,213",18.7605,59.784375,44.31878571,53.065,72.90475,50.1018,34.644,66.92,22.42516667,46.7915,63.05,92.16433333,99.217,75.2665,60.3444,54.2859,45.30275
UGA,Uganda,140,53.5,51.9,Africa,"45,741,000",23.664,64.42142857,47.92207143,60.499,60.57725,44.9338,18.4545,62.1905,28.48066667,39.458,43.7795,88.549,99.22933333,,63.533,47.9806,47.10025
UKR,Ukraine,36,75.5,71.4,E. Europe & C. Asia,"43,733,759",99.774,63.821625,75.91114286,91.91766667,67.211,78.689,91.71166667,71.70783333,39.0075,98.811,75.47375,81.84683333,86.464,58.00416667,63.6828,65.3853,74.259
URY,Uruguay,41,74.5,68.6,LAC,"3,473,727",99.932,67.540875,82.81946154,88.769,73.43975,78.3142,96.89166667,75.40783333,45.05583333,49.4535,90.04666667,61.88366667,85.96133333,61.643,58.8142,73.2532,78.06233333
USA,United States,32,76,77.2,OECD,"331,002,647",99.2335,69.135375,88.68164286,99.241375,74.352,84.2718,93.531,76.60016667,93.94716667,46.956,92.593,53.5835,52.66366667,64.61866667,60.5942,73.3457,68.8155
UZB,Uzbekistan,77,69.8,71.4,E. Europe & C. Asia,"33,469,199",75.7845,65.38185714,78.21435714,97.39933333,73.1145,58.3596,87.04733333,62.4245,27.62883333,51.166,75.944,91.4548,93.11466667,,60.6532,74.368625,56.2865
VCT,St. Vincent and the Grenadines,,,68.6,LAC,"110,947",,,,,,,,,,,,,,,,,
VEN,"Venezuela, RB",122,59.3,68.6,LAC,"28,435,943",13.244,43.22585714,65.28678571,82.24466667,66.278,78.1348,92.112,70.7628,32.31733333,21.608,47.57966667,81.5725,85.692,64.51166667,69.027,34.13377778,60.782
VNM,Vietnam,51,72.8,65.7,East & South Asia,"97,338,583",95.1425,71.032625,72.46742857,97.10766667,72.20325,73.138,83.20033333,72.14916667,43.97566667,70.4995,80.11625,91.89966667,93.97,49.19216667,46.689,65.96,59.68125
VUT,Vanuatu,119,60.5,50.1,Oceania,"307,150",52.397,46.08057143,64.41333333,73.07333333,37.12266667,51.84675,34.4165,79.15066667,31.4705,62.2705,85.556,66.10683333,96.003,68.51666667,52.825,68.41616667,59.235
WSM,Samoa,,,50.1,Oceania,"198,410",,,,,,,,,,,,,,,,,
YEM,"Yemen, Rep.",145,52.9,67.1,MENA,"29,825,968",,40.70371429,44.69642857,55.689,13.44,38.4338,60.905,49.29466667,8.940166667,48.9305,42.8815,91.54583333,97.464,77.505,47.748,37.0585,51.11833333
ZAF,South Africa,107,63.7,51.9,Africa,"59,308,690",44.1865,58.5875,51.88192857,81.09666667,83.99625,64.0194,81.32566667,60.63966667,61.4255,0,78.90625,81.48433333,79.38533333,64.6025,58.982,58.616,74.473
ZMB,Zambia,141,53.4,51.9,Africa,"18,383,956",9.2975,60.96885714,48.59364286,66.05566667,59.293,51.0242,47.13666667,56.784,17.203,0.466,55.7225,93.2035,98.112,,69.193,51.4971,55.09225
ZWE,Zimbabwe,125,58.7,51.9,Africa,"14,862,927",,47.881,43.28471429,82.08966667,78.3705,49.407,47.02133333,61.4965,17.8178,34.074,58.692,94.7485,97.18266667,,77.3994,49.2155,60.246
_E_Euro_Asia,Eastern Europe and Central Asia,,71.4,,,,94.8805,57.76914286,74.46728571,92.749,61.2645,68.965,87.53433333,68.67133333,46.55,71.9555,73.393,80.13966667,82.08466667,,65.5108,61.08455556,65.266
_E_S_Asia,East and South Asia,,65.7,,,,79.0695,65.10025,69.07492857,89.97033333,55.713,62.946,72.657,69.55783333,54.78916667,28.6815,64.65375,89.32816667,92.137,59.34233333,51.4078,63.0824,50.2255
_LAC,Latin America and the Caribbean,,68.6,,,,79.246,63.70675,75.59757143,87.725,71.51975,80.5752,88.947,66.4225,45.2105,16.076,75.08175,79.84433333,91.839,56.19816667,59.997,59.5316,68.2765
_MENA,Middle East and North Africa,,67.1,,,,87.5925,61.6105,72.90114286,84.99166667,42.2445,57.5042,87.55333333,62.107,46.22233333,61.986,64.2755,83.4575,83.14633333,59.553,55.775,66.631125,63.14933333
_Oceania,Oceania,,50.1,,,,34.152,34.2696,47.27541667,65.254,43.68833333,13.684,38.241,70.383,10.83675,33.7685,76.4705,67.1415,97.7,59.4868,49.34733333,62.54525,47.1005
_OECD,OECD members,,77.2,,,,97.8885,69.367125,89.00192308,92.36848485,74.22475,84.1752,92.59366667,77.25,87.69833333,57.7415,88.25175,62.63066667,65.907,60.91766667,65.873,76.5982,70.042
_SIDS,Small Island Developing States,,62.5,,,,59.3825,51.51085714,63.94641667,82.837,62.895,62.3534,67.638,71.24166667,35.044,33.8255,76.988,72.628,76.833,66.64633333,56.96,64.49766667,56.61725
_Africa,Sub-Saharan Africa,,51.9,,,,21.4785,57.578875,40.69535714,49.602,52.215,50.3182,39.398,59.39816667,21.51783333,25.5445,47.24725,91.28783333,97.583,66.20483333,66.209,50.1848,46.29275
_LIC,Low-income Countries,,51,,,,18.077,54.290125,42.65792857,47.21633333,46.429,45.2616,42.337,52.46166667,11.26083333,48.5545,46.0625,91.2375,99.08966667,68.73533333,61.1904,48.7462,42.723
_LMIC,Lower-middle-income Countries,,60.1,,,,58.029,56.780375,57.45535714,78.9,43.625,57.8056,65.27666667,66.672,36.20366667,30.079,54.20125,91.591,96.18966667,61.62916667,57.3632,58.311,50.765
_UMIC,Upper-middle-income Countries,,70.8,,,,92.1085,71.605375,78.19607143,94.504,70.86125,71.2426,81.99133333,69.18916667,64.533,24.817,76.51725,84.10483333,86.853,57.0285,53.5426,69.0259,57.01875
_HIC,High-income Countries,,78.1,,,,99.1655,70.72925,91.11171429,98.42766667,74.3285,73.4486,93.127,80.22283333,91.53233333,67.8765,89.3625,58.44183333,59.805,61.375,68.2996,80.3072,70.67775